70 *A Disaggregate_First,.EXCEL_FIRST,M193ATF@WDI,M122ATF@WDI,M124ATF@WDI,M156ATF@WDI,M228ATF@WDI,M935ATF@WDI,M128ATF@WDI,M939ATF@WDI,M172ATF@WDI,M132ATF@WDI,M134ATF@WDI,M174ATF@WDI,M944ATF@WDI,M176ATF@WDI,M178ATF@WDI,M436ATF@WDI,M136ATF@WDI,M158ATF@WDI,M542ATF@WDI,M137ATF@WDI,M273ATF@WDI,M138ATF@WDI,M196ATF@WDI,M142ATF@WDI,M964ATF@WDI,M182ATF@WDI,M936ATF@WDI,M961ATF@WDI,M184ATF@WDI,M144ATF@WDI,M146ATF@WDI,M186ATF@WDI,M112ATF@WDI,M111ATF@WDI,M223ATF@WDI,M922ATF@WDI,M534ATF@WDI,M924ATF@WDI,M536ATF@WDI,M564ATF@WDI,M578ATF@WDI,M199ATF@WDI,M694ATF@WDI,M566ATF@WDI,M548ATF@WDI,M213ATF@WDI,M926ATF@WDI,M001ATF@WDI,M009ATF@WDI,M997ATF@WDI,M025ATF@WDI,MALSATF@WDI,M506ATF@WDI,MEASATF@WDI,MECSATF@WDI,MLCNATF@WDI,MMEAATF@WDI,MSSFATF@WDI,
.DESC,,"Australia: Air Transport, Freight (Million Ton-Km)  ","Austria: Air Transport, Freight (Million Ton-Km)  ","Belgium: Air Transport, Freight (Million Ton-Km)  ","Canada: Air Transport, Freight (Million Ton-Km)  ","Chile: Air Transport, Freight (Million Ton-Km)  ","Czech Rep: Air Transport, Freight (Million Ton-Km)  ","Denmark: Air Transport, Freight (Million Ton-Km)  ","Estonia: Air Transport, Freight (Million Ton-Km)  ","Finland: Air Transport, Freight (Million Ton-Km)  ","France: Air Transport, Freight (Million Ton-Km)  ","Germany: Air Transport, Freight (Million Ton-Km)  ","Greece: Air Transport, Freight (Million Ton-Km)  ","Hungary: Air Transport, Freight (Million Ton-Km)  ","Iceland: Air Transport, Freight (Million Ton-Km)  ","Ireland: Air Transport, Freight (Million Ton-Km)  ","Israel: Air Transport, Freight (Million Ton-Km)  ","Italy: Air Transport, Freight (Million Ton-Km)  ","Japan: Air Transport, Freight (Million Ton-Km)  ","Korea: Air Transport, Freight (Million Ton-Km)  ","Luxembourg: Air Transport, Freight (Million Ton-Km)  ","Mexico: Air Transport, Freight (Million Ton-Km)  ","Netherlands: Air Transport, Freight (Million Ton-Km)  ","New Zealand: Air Transport, Freight (Million Ton-Km)  ","Norway: Air Transport, Freight (Million Ton-Km)  ","Poland: Air Transport, Freight (Million Ton-Km)  ","Portugal: Air Transport, Freight (Million Ton-Km)  ","Slovak Rep: Air Transport, Freight (Million Ton-Km)  ","Slovenia: Air Transport, Freight (Million Ton-Km)  ","Spain: Air Transport, Freight (Million Ton-Km)  ","Sweden: Air Transport, Freight (Million Ton-Km)  ","Switzerland: Air Transport, Freight (Million Ton-Km)  ","Turkey: Air Transport, Freight (Million Ton-Km)  ","UK: Air Transport, Freight (Million Ton-Km)  ","U.S.: Air Transport, Freight (Million Ton-Km)  ","Brazil: Air Transport, Freight (Million Ton-Km)  ","Russia: Air Transport, Freight (Million Ton-Km)  ","India: Air Transport, Freight (Million Ton-Km)  ","China: Air Transport, Freight (Million Ton-Km)  ","Indonesia: Air Transport, Freight (Million Ton-Km)  ","Pakistan: Air Transport, Freight (Million Ton-Km)  ","Thailand: Air Transport, Freight (Million Ton-Km)  ","South Africa: Air Transport, Freight (Million Ton-Km)  ","Nigeria: Air Transport, Freight (Million Ton-Km)  ","Philippines: Air Transport, Freight (Million Ton-Km)  ","Malaysia: Air Transport, Freight (Million Ton-Km)  ","Argentina: Air Transport, Freight (Million Ton-Km)  ","Ukraine: Air Transport, Freight (Million Ton-Km)  ","World: Air Transport, Freight (Million Ton-Km)  ","North America: Air Transport, Freight (Million Ton-Km)  ","European Union: Air Transport, Freight (Million Ton-Km)  ","Euro Area: Air Transport, Freight (Million Ton-Km)  ","Arab League states: Air Transport, Freight (Million Ton-Km)  ","South Asia: Air Transport, Freight (Million Ton-Km)  ","East Asia & Pacific: Air Transport, Freight (Million Ton-Km)  ","Europe & Central Asia: Air Transport, Freight (Million Ton-Km)  ","Latin America & the Caribbean: Air Transport, Freight (Million Ton-Km)  ","Middle East & North Africa: Air Transport, Freight (Million Ton-Km)  ","Sub-Saharan Africa: Air Transport, Freight (Million Ton-Km)  ",
.LSOURCE,,World Bank ,World Bank ,World Bank ,World Bank ,World Bank ,World Bank ,World Bank ,World Bank ,World Bank ,World Bank ,World Bank ,World Bank ,World Bank ,World Bank ,World Bank ,World Bank ,World Bank ,World Bank ,World Bank ,World Bank ,World Bank ,World Bank ,World Bank ,World Bank ,World Bank ,World Bank ,World Bank ,World Bank ,World Bank ,World Bank ,World Bank ,World Bank ,World Bank ,World Bank ,World Bank ,World Bank ,World Bank ,World Bank ,World Bank ,World Bank ,World Bank ,World Bank ,World Bank ,World Bank ,World Bank ,World Bank ,World Bank ,World Bank ,World Bank ,World Bank ,World Bank ,World Bank ,World Bank ,World Bank ,World Bank ,World Bank ,World Bank ,World Bank ,
70,70, 234.7 , 5.9 , 184.0 , 370.9 , 41.1 , 11.6 , 62.7 ,#N/A, 21.3 , 474.6 , 484.5 , 31.1 , 6.2 , 10.7 , 57.7 , 98.4 , 275.2 , 379.6 , 5.6 ,#N/A, 36.7 , 376.9 , 35.8 , 63.6 , 6.2 , 37.0 ,#N/A,#N/A, 90.8 , 97.6 , 169.1 , 4.6 , 516.9 ," 5,151.2 ", 164.1 ,#N/A, 96.3 ,#N/A, 14.2 , 69.6 , 9.3 , 56.8 , 5.3 , 21.7 , 9.3 , 47.9 ,#N/A,#N/A," 5,522.1 "," 2,756.8 "," 2,043.6 ", 199.3 , 175.7 ,#N/A,#N/A, 519.6 , 300.4 , 209.0 ,
71,71, 230.7 , 3.1 , 202.4 , 403.5 , 46.8 , 12.4 , 64.4 ,#N/A, 23.8 , 487.7 , 532.9 , 32.4 , 7.6 , 17.7 , 64.8 , 114.9 , 302.2 , 464.1 , 38.0 ,#N/A, 42.4 , 408.4 , 41.5 , 65.6 , 6.5 , 48.5 ,#N/A,#N/A, 131.6 , 100.1 , 181.9 , 5.7 , 564.9 ," 5,540.8 ", 180.2 ,#N/A, 108.4 ,#N/A, 17.6 , 63.4 , 38.3 , 63.9 , 6.5 , 31.6 , 14.6 , 57.4 ,#N/A,#N/A," 5,944.3 "," 3,009.4 "," 2,242.1 ", 271.0 , 176.2 ,#N/A,#N/A, 567.6 , 390.0 , 237.0 ,
72,72, 220.2 , 4.7 , 224.5 , 433.4 , 52.7 , 15.4 , 77.9 ,#N/A, 24.6 , 619.0 , 656.6 , 42.2 , 5.9 , 17.5 , 78.3 , 105.0 , 282.2 , 585.1 , 72.7 ,#N/A, 54.3 , 461.0 , 48.7 , 79.4 , 7.6 , 55.3 ,#N/A,#N/A, 154.9 , 119.6 , 198.2 , 6.8 , 714.1 ," 6,283.0 ", 254.3 ,#N/A, 131.1 ,#N/A, 19.9 , 52.0 , 18.6 , 75.8 , 7.0 , 36.9 , 16.2 , 79.7 ,#N/A,#N/A," 6,716.4 "," 3,559.6 "," 2,607.9 ", 355.1 , 187.9 ,#N/A,#N/A, 687.4 , 463.8 , 255.6 ,
73,73, 266.6 , 6.3 , 238.6 , 484.2 , 46.7 , 14.6 , 83.3 ,#N/A, 29.7 , 757.6 , 826.8 , 53.9 , 5.8 , 29.2 , 86.8 , 129.5 , 406.4 , 753.1 , 125.3 ,#N/A, 67.6 , 498.5 , 68.6 , 85.4 , 9.5 , 90.5 ,#N/A,#N/A, 172.0 , 127.6 , 236.6 , 10.0 , 843.9 ," 7,060.1 ", 316.7 ,#N/A, 176.5 ,#N/A, 27.7 , 70.6 , 28.7 , 112.7 , 7.2 , 46.8 , 8.3 , 85.9 ,#N/A," 15,568.7 "," 7,544.3 "," 4,268.7 "," 3,171.8 ", 492.9 , 252.8 ,#N/A,#N/A, 791.8 , 626.5 , 325.0 ,
74,74, 315.3 , 6.8 , 286.1 , 520.3 , 55.2 , 14.5 , 93.8 ,#N/A, 29.8 , 871.3 , 941.0 , 47.8 , 6.0 , 28.0 , 88.2 , 143.6 , 437.6 , 739.4 , 200.3 ,#N/A, 67.5 , 609.0 , 110.3 , 96.0 , 10.3 , 106.4 ,#N/A,#N/A, 199.5 , 143.0 , 272.2 , 10.2 , 847.3 ," 7,255.4 ", 407.1 ,#N/A, 144.7 , 29.2 , 41.3 , 90.4 , 58.8 , 143.6 , 6.7 , 67.5 , 19.1 , 98.2 ,#N/A," 16,955.2 "," 7,775.7 "," 4,756.1 "," 3,628.0 ", 556.6 , 254.3 ," 1,698.1 ",#N/A, 962.3 , 703.2 , 401.7 ,
75,75, 326.5 , 6.5 , 281.2 , 534.3 , 57.2 , 14.3 , 87.9 ,#N/A, 28.6 , 995.3 , 920.7 , 32.5 , 5.6 , 20.6 , 68.7 , 131.0 , 396.6 , 852.9 , 293.2 ,#N/A, 76.2 , 586.7 , 114.5 , 91.1 , 10.2 , 67.5 ,#N/A,#N/A, 214.7 , 134.4 , 285.8 , 9.7 , 797.7 ," 6,999.6 ", 460.5 ,#N/A, 211.3 , 46.2 , 42.9 , 125.3 , 101.7 , 142.3 , 4.3 , 100.2 , 26.8 , 74.6 ,#N/A," 17,236.2 "," 7,533.9 "," 4,668.0 "," 3,602.6 ", 654.8 , 356.5 ," 2,060.5 ",#N/A, 988.1 , 807.4 , 417.1 ,
76,76, 354.2 , 8.1 , 316.7 , 567.7 , 75.7 , 13.9 , 101.4 ,#N/A, 30.1 ," 1,278.9 "," 1,040.5 ", 52.8 , 5.2 , 27.4 , 74.9 , 126.9 , 443.9 ," 1,030.8 ", 348.2 ,#N/A, 87.1 , 631.9 , 136.7 , 105.4 , 10.6 , 68.0 ,#N/A,#N/A, 264.3 , 154.5 , 320.9 , 14.3 , 866.4 ," 7,438.2 ", 471.6 ,#N/A, 250.7 , 49.0 , 43.6 , 144.1 , 122.3 , 146.3 , 3.6 , 130.8 , 33.4 , 96.3 ,#N/A," 19,300.3 "," 8,005.9 "," 5,389.4 "," 4,219.8 ", 838.3 , 421.0 ," 2,437.5 ",#N/A," 1,100.2 "," 1,016.6 ", 465.2 ,
77,77, 376.1 , 9.2 , 338.9 , 550.4 , 105.2 , 14.0 , 113.2 ,#N/A, 35.5 ," 1,557.4 "," 1,204.2 ", 52.9 , 5.5 , 28.2 , 85.8 , 174.1 , 503.9 ," 1,147.5 ", 394.4 ,#N/A, 92.3 , 719.4 , 140.7 , 117.3 , 11.8 , 85.6 ,#N/A,#N/A, 324.2 , 170.8 , 350.9 , 15.1 , 984.1 ," 7,920.6 ", 499.3 ,#N/A, 275.9 , 60.0 , 52.1 , 161.6 , 104.7 , 173.8 , 4.1 , 129.7 , 45.0 , 119.8 ,#N/A," 21,322.8 "," 8,471.0 "," 6,257.5 "," 4,937.2 ", 885.1 , 472.3 ," 2,709.0 ",#N/A," 1,308.3 "," 1,116.4 ", 480.8 ,
78,78, 459.9 , 10.3 , 375.8 , 608.6 , 102.1 , 15.1 , 124.5 ,#N/A, 38.1 ," 1,697.0 "," 1,344.8 ", 54.9 , 5.9 , 34.2 , 85.7 , 201.0 , 490.1 ," 1,356.1 ", 493.4 ,#N/A, 106.1 , 786.9 , 164.0 , 128.9 , 14.4 , 105.7 ,#N/A,#N/A, 358.6 , 188.1 , 402.5 , 12.3 ," 1,153.2 "," 8,406.8 ", 571.3 ,#N/A, 297.7 , 86.0 , 58.9 , 194.8 , 134.4 , 222.1 , 3.4 , 121.9 , 82.3 , 120.5 ,#N/A," 23,579.9 "," 9,015.4 "," 6,893.7 "," 5,371.7 ", 929.7 , 522.8 ," 3,379.1 ",#N/A," 1,442.8 "," 1,195.5 ", 556.5 ,
79,79, 528.3 , 11.7 , 395.2 , 670.4 , 85.0 , 15.1 , 120.2 ,#N/A, 41.8 ," 1,912.2 "," 1,513.5 ", 62.1 , 7.8 , 38.4 , 98.4 , 286.4 , 483.1 ," 1,624.8 ", 666.2 ,#N/A, 121.7 , 869.5 , 176.3 , 124.9 , 14.1 , 116.8 ,#N/A,#N/A, 376.6 , 182.3 , 407.0 , 15.1 ," 1,263.9 "," 8,658.1 ", 570.5 ,#N/A, 297.6 , 123.0 , 79.8 , 214.7 , 176.0 , 237.0 , 4.5 , 106.7 , 68.7 , 136.8 ,#N/A," 25,626.7 "," 9,328.5 "," 7,535.4 "," 5,909.6 "," 1,108.2 ", 554.3 ," 4,124.3 ",#N/A," 1,446.4 "," 1,403.1 ", 654.3 ,
80,80, 516.5 , 11.7 , 394.5 , 688.6 , 144.9 , 12.1 , 115.9 ,#N/A, 48.0 ," 1,985.8 "," 1,506.0 ", 61.4 , 9.2 , 22.6 , 89.3 , 295.0 , 522.9 ," 1,870.7 ", 836.0 ,#N/A, 131.5 , 947.1 , 185.9 , 119.8 , 13.8 , 105.8 ,#N/A,#N/A, 389.7 , 175.0 , 421.5 , 10.3 ," 1,428.4 "," 8,615.4 ", 588.2 ,#N/A, 366.0 , 120.9 , 121.9 , 235.4 , 238.6 , 251.2 , 9.3 , 149.8 , 109.9 , 195.4 ,#N/A," 26,825.2 "," 9,304.0 "," 7,860.8 "," 6,085.2 "," 1,143.3 ", 654.9 ," 4,709.6 ",#N/A," 1,588.1 "," 1,431.6 ", 706.1 ,
81,81, 556.4 , 13.5 , 441.5 , 713.1 , 153.3 , 11.9 , 120.5 ,#N/A, 51.7 ," 2,128.4 "," 1,495.2 ", 67.6 , 9.7 , 25.0 , 83.9 , 298.2 , 475.7 ," 2,111.5 ", 914.8 ,#N/A, 137.0 ," 1,046.4 ", 199.6 , 125.0 , 12.8 , 100.8 ,#N/A,#N/A, 425.9 , 178.3 , 453.3 , 18.2 ," 1,579.0 "," 8,606.9 ", 644.9 ,#N/A, 411.4 , 155.4 , 156.0 , 248.5 , 268.2 , 311.4 , 15.7 , 194.9 , 130.3 , 195.5 ,#N/A," 28,360.5 "," 9,320.0 "," 8,284.5 "," 6,352.0 "," 1,221.7 ", 729.2 ," 5,348.3 ",#N/A," 1,721.0 "," 1,529.4 ", 810.8 ,
82,82, 576.0 , 16.6 , 479.1 , 746.6 , 141.7 , 13.6 , 114.5 ,#N/A, 61.0 ," 2,186.1 "," 1,592.1 ", 58.2 , 9.2 , 19.1 , 75.8 , 297.1 , 566.0 ," 2,221.9 "," 1,048.6 ",#N/A, 110.6 ," 1,032.5 ", 221.4 , 120.5 , 4.2 , 98.0 ,#N/A,#N/A, 448.0 , 173.3 , 461.3 , 22.3 ," 1,511.4 "," 8,295.8 ", 734.7 ,#N/A, 409.9 , 184.2 , 177.9 , 224.1 , 306.7 , 318.2 , 25.5 , 181.1 , 141.3 , 170.7 ,#N/A," 29,046.3 "," 9,042.4 "," 8,481.3 "," 6,635.6 "," 1,373.7 ", 715.1 ," 5,812.1 ",#N/A," 1,844.5 "," 1,684.4 ", 846.5 ,
83,83, 624.9 , 17.2 , 489.1 , 825.6 , 120.3 , 13.7 , 110.3 ,#N/A, 70.5 ," 2,483.7 "," 1,941.0 ", 65.6 , 8.8 , 23.2 , 84.9 , 354.6 , 614.4 ," 2,528.0 "," 1,167.1 ",#N/A, 109.2 ," 1,193.7 ", 262.9 , 116.5 , 4.9 , 96.7 ,#N/A,#N/A, 442.9 , 166.2 , 540.0 , 26.0 ," 1,729.8 "," 9,284.5 ", 692.1 ,#N/A, 461.6 , 216.0 , 189.0 , 230.1 , 327.6 , 367.3 , 33.3 , 243.5 , 163.1 , 174.3 ,#N/A," 32,407.9 "," 10,110.1 "," 9,571.2 "," 7,520.9 "," 1,626.7 ", 772.6 ," 6,584.7 ",#N/A," 1,716.6 "," 2,029.1 ", 921.2 ,
84,84, 734.1 , 19.5 , 525.4 , 967.2 , 105.4 , 13.5 , 115.7 ,#N/A, 72.3 ," 2,797.7 "," 2,235.5 ", 68.6 , 8.6 , 24.7 , 98.1 , 529.6 , 689.4 ," 2,796.3 "," 1,417.3 ",#N/A, 145.8 ," 1,392.5 ", 288.4 , 120.7 , 6.5 , 116.8 ,#N/A,#N/A, 483.2 , 173.0 , 633.6 , 26.3 ," 2,193.4 "," 10,293.1 ", 831.7 ,#N/A, 545.5 , 302.0 , 169.8 , 270.6 , 399.2 , 442.9 , 30.5 , 244.5 , 192.6 , 179.8 ,#N/A," 36,842.0 "," 11,260.3 "," 11,061.6 "," 8,528.0 "," 1,638.3 ", 953.6 ," 7,531.5 ",#N/A," 2,013.0 "," 2,232.6 ", 987.6 ,
85,85, 814.8 , 19.4 , 565.0 , 989.8 , 114.2 , 17.2 , 115.7 ,#N/A, 76.8 ," 2,873.3 "," 2,378.5 ", 103.1 , 10.3 , 17.9 , 81.5 , 592.1 , 756.6 ," 3,071.4 "," 1,309.1 ",#N/A, 170.0 ," 1,403.9 ", 305.4 , 121.7 , 7.9 , 133.8 ,#N/A,#N/A, 522.3 , 171.8 , 636.8 , 28.7 ," 2,299.1 "," 9,672.2 ", 909.2 ,#N/A, 489.7 , 403.0 , 153.1 , 309.8 , 419.5 , 391.8 , 28.7 , 225.4 , 200.5 , 187.1 ,#N/A," 37,061.7 "," 10,662.0 "," 11,582.9 "," 8,943.2 "," 1,387.7 ", 963.8 ," 7,906.1 ",#N/A," 2,102.1 "," 2,059.2 ", 984.9 ,
86,86, 859.3 , 19.6 , 574.8 , 977.0 , 137.2 , 17.0 , 116.5 ,#N/A, 85.9 ," 3,079.5 "," 2,826.9 ", 91.7 , 8.8 , 20.1 , 75.0 , 571.0 , 844.1 ," 3,608.1 "," 1,451.2 ",#N/A, 155.1 ," 1,509.4 ", 318.6 , 123.6 , 9.5 , 123.1 ,#N/A,#N/A, 532.6 , 173.7 , 673.9 , 45.4 ," 2,547.3 "," 10,619.0 "," 1,014.4 ",#N/A, 539.7 , 467.5 , 222.0 , 319.5 , 464.5 , 308.2 , 32.4 , 235.3 , 259.3 , 192.0 ,#N/A," 40,331.8 "," 11,596.0 "," 12,685.0 "," 9,793.4 "," 1,307.7 ", 999.8 ," 9,023.0 ",#N/A," 2,298.4 "," 1,978.4 ", 892.2 ,
87,87, 990.8 , 19.5 , 535.5 ," 1,006.8 ", 186.4 , 16.3 , 108.0 ,#N/A, 90.2 ," 3,385.6 "," 3,247.7 ", 104.3 , 7.3 , 25.8 , 80.8 , 642.7 , 911.6 ," 4,326.3 "," 1,621.1 ",#N/A, 169.0 ," 1,734.3 ", 335.4 , 115.9 , 10.3 , 124.6 ,#N/A,#N/A, 526.4 , 169.2 , 734.0 , 46.9 ," 2,862.5 "," 12,023.2 "," 1,013.7 ",#N/A, 645.2 , 647.5 , 340.2 , 327.9 , 491.9 , 268.1 , 37.2 , 238.6 , 343.4 , 197.5 ,#N/A," 45,392.7 "," 13,030.0 "," 13,990.4 "," 10,795.6 "," 1,569.8 "," 1,119.4 "," 10,622.1 ",#N/A," 2,423.3 "," 2,313.0 ", 976.6 ,
88,88," 1,027.1 ", 22.9 , 650.5 ," 1,170.6 ", 242.8 , 17.2 , 113.6 ,#N/A, 100.1 ," 3,681.6 "," 3,470.0 ", 101.9 , 5.8 , 34.3 , 95.8 , 754.4 ," 1,029.2 "," 4,780.7 "," 1,912.9 ",#N/A, 121.5 ," 1,881.8 ", 320.3 , 120.8 , 13.5 , 141.4 ,#N/A,#N/A, 597.9 , 175.0 , 813.5 , 52.7 ," 3,134.3 "," 13,875.6 ", 975.8 ,#N/A, 646.3 , 731.8 , 455.0 , 388.8 , 588.0 , 238.3 , 29.5 , 303.7 , 373.2 , 193.6 ,#N/A," 50,418.6 "," 15,046.2 "," 15,285.8 "," 11,804.6 "," 1,748.3 "," 1,210.0 "," 11,930.5 ",#N/A," 2,361.0 "," 2,595.9 ", 972.8 ,
89,89," 1,125.3 ", 41.6 , 660.7 ," 1,311.3 ", 329.5 , 17.3 , 121.8 ,#N/A, 129.4 ," 3,819.3 "," 3,840.3 ", 103.1 , 5.8 , 33.1 , 117.5 , 816.8 ," 1,118.7 "," 5,128.6 "," 2,365.1 ",#N/A, 114.4 ," 2,002.9 ", 317.4 , 127.6 , 28.8 , 160.3 ,#N/A,#N/A, 732.6 , 185.3 , 888.7 , 81.8 ," 3,447.2 "," 14,651.0 "," 1,147.9 ",#N/A, 680.6 , 683.1 , 438.2 , 418.7 , 612.7 , 205.6 , 17.0 , 327.4 , 403.7 , 201.2 ,#N/A," 54,428.2 "," 15,962.3 "," 16,593.3 "," 12,764.9 "," 1,923.0 "," 1,280.8 "," 13,090.6 ",#N/A," 2,622.4 "," 2,794.5 ", 958.6 ,
90,90," 1,222.3 ", 53.9 , 656.4 ," 1,385.3 ", 418.5 , 15.0 , 123.9 ,#N/A, 135.1 ," 3,995.8 "," 3,994.2 ", 112.7 , 6.3 , 35.5 , 128.3 , 831.5 ," 1,171.3 "," 5,068.8 "," 2,459.4 ",#N/A, 143.2 ," 2,129.1 ", 325.1 , 129.6 , 48.9 , 167.0 ,#N/A,#N/A, 759.7 , 191.1 , 928.5 , 101.3 ," 3,825.4 "," 14,791.4 "," 1,082.0 ",#N/A, 662.9 , 818.3 , 458.6 , 420.5 , 661.0 , 179.2 , 23.5 , 316.0 , 574.2 , 213.6 ,#N/A," 56,124.9 "," 16,176.7 "," 17,574.0 "," 13,342.6 "," 1,753.6 "," 1,266.9 "," 13,594.4 ",#N/A," 2,746.3 "," 2,664.1 ", 912.4 ,
91,91," 1,222.6 ", 59.2 , 485.8 ," 1,241.4 ", 428.9 , 22.4 , 119.2 ,#N/A, 128.1 ," 3,778.8 "," 4,108.7 ", 114.2 , 5.0 , 31.1 , 115.4 , 863.3 ," 1,227.7 "," 5,225.3 "," 2,597.0 ",#N/A, 162.7 ," 2,224.3 ", 379.9 , 122.8 , 38.1 , 163.1 ,#N/A,#N/A, 622.8 , 186.7 , 944.8 , 78.7 ," 4,023.4 "," 14,486.2 "," 1,005.3 ",#N/A, 493.1 ," 1,009.5 ", 475.5 , 373.3 , 866.2 , 191.0 , 27.5 , 307.6 , 713.6 , 201.9 ,#N/A," 56,142.3 "," 15,727.6 "," 17,481.7 "," 13,067.6 "," 1,562.2 "," 1,098.8 "," 14,609.4 ",#N/A," 2,701.4 "," 2,484.6 ", 867.0 ,
92,92," 1,361.5 ", 100.6 , 386.3 ," 1,249.7 ", 529.0 , 26.1 , 114.7 , 0.2 , 113.2 ," 3,840.5 "," 4,287.5 ", 107.0 , 6.5 , 30.8 , 109.5 , 844.3 ," 1,270.4 "," 5,185.2 "," 3,322.7 ",#N/A, 158.8 ," 2,396.9 ", 409.9 , 118.4 , 42.8 , 166.9 ,#N/A, 1.7 , 584.6 , 180.4 ," 1,063.6 ", 117.2 ," 4,639.2 "," 15,617.6 "," 1,143.3 ",#N/A, 429.4 ," 1,316.0 ", 504.1 , 398.6 , 925.9 , 263.2 , 10.3 , 314.1 , 763.7 , 206.7 , 32.7 ," 61,025.2 "," 16,867.3 "," 18,445.8 "," 13,405.3 "," 1,970.6 "," 1,042.6 "," 16,374.7 "," 19,901.5 "," 3,029.4 "," 2,837.8 ", 971.9 ,
93,93," 1,525.8 ", 129.6 , 478.2 ," 1,369.2 ", 616.2 , 24.0 , 121.1 , 0.3 , 157.1 ," 3,717.1 "," 4,639.9 ", 127.0 , 10.5 , 35.3 , 97.4 , 861.8 ," 1,334.9 "," 5,484.2 "," 4,191.0 ",#N/A, 150.9 ," 2,770.7 ", 473.0 , 127.0 , 49.3 , 171.3 ,#N/A, 3.4 , 553.8 , 192.3 ," 1,247.3 ", 161.4 ," 5,405.0 "," 16,343.0 "," 1,284.3 ", 848.7 , 372.4 ," 1,547.0 ", 615.5 , 408.4 ," 1,060.3 ", 332.9 , 9.8 , 351.4 , 677.8 , 232.0 , 7.7 ," 67,522.6 "," 17,712.2 "," 20,068.6 "," 14,221.8 "," 2,225.7 ", 957.9 ," 18,872.2 "," 22,543.3 "," 3,267.4 "," 3,103.5 "," 1,066.1 ",
94,94," 1,645.5 ", 136.4 , 515.2 ," 1,478.6 ", 652.5 , 21.8 , 130.8 , 0.4 , 190.9 ," 4,385.9 "," 5,373.3 ", 135.0 , 17.7 , 40.8 , 101.2 , 956.5 ," 1,368.5 "," 6,007.9 "," 4,643.3 ",#N/A, 225.2 ," 3,203.8 ", 555.6 , 136.0 , 54.8 , 181.3 ,#N/A, 3.4 , 580.9 , 195.8 ," 1,408.4 ", 209.6 ," 6,405.2 "," 19,083.8 "," 1,468.5 ", 815.4 , 563.6 ," 1,717.2 ", 733.7 , 441.5 ," 1,236.7 ", 276.5 , 7.2 , 380.2 , 797.1 , 206.2 , 20.9 ," 77,183.3 "," 20,562.4 "," 23,104.6 "," 16,225.6 "," 2,637.1 "," 1,304.1 "," 21,147.8 "," 25,777.1 "," 3,645.7 "," 3,630.4 "," 1,115.8 ",
95,95," 1,737.5 ", 173.3 , 594.6 ," 1,637.4 ", 775.4 , 25.6 , 133.5 , 0.4 , 211.5 ," 4,577.7 "," 5,835.9 ", 117.0 , 28.5 , 45.1 , 107.0 ," 1,071.3 "," 1,469.6 "," 6,538.0 "," 5,661.3 ",#N/A, 155.9 ," 3,742.2 ", 580.3 , 139.1 , 66.2 , 194.0 , 0.1 , 3.6 , 689.6 , 192.0 ," 1,509.5 ", 214.7 ," 6,830.6 "," 19,622.9 "," 1,581.9 ", 890.1 , 653.9 ," 1,501.0 ", 782.6 , 445.5 ," 1,307.9 ", 263.1 , 1.9 , 373.5 ," 1,198.8 ", 177.0 , 23.0 ," 83,098.2 "," 21,260.3 "," 25,095.5 "," 17,767.4 "," 2,924.4 "," 1,453.4 "," 23,599.2 "," 27,975.6 "," 3,635.6 "," 4,049.2 "," 1,124.9 ",
96,96," 1,833.7 ", 192.1 , 590.9 ," 1,781.0 ", 806.2 , 22.2 , 172.2 , 0.7 , 236.8 ," 4,842.6 "," 6,036.3 ", 118.7 , 29.3 , 52.9 , 102.1 ," 1,112.9 "," 1,459.1 "," 6,801.3 "," 6,550.9 ",#N/A, 168.8 ," 3,902.4 ", 745.0 , 177.1 , 70.0 , 210.9 , 0.2 , 3.6 , 739.6 , 249.6 ," 1,511.3 ", 207.3 ," 7,618.1 "," 21,676.4 "," 1,644.8 ", 853.6 , 565.0 ," 1,688.6 ", 749.4 , 427.2 ," 1,348.2 ", 328.5 , 4.7 , 384.5 ," 1,414.6 ", 176.6 , 16.5 ," 89,164.6 "," 23,457.4 "," 26,686.5 "," 18,482.2 "," 2,920.0 "," 1,324.7 "," 25,932.2 "," 29,574.8 "," 3,556.7 "," 4,089.2 "," 1,229.6 ",
97,97," 1,953.8 ", 236.3 , 677.6 ," 1,956.5 "," 1,071.2 ", 23.1 , 202.6 , 1.0 , 294.0 ," 5,132.0 "," 6,183.9 ", 129.1 , 34.9 , 55.6 , 122.1 ," 1,135.8 "," 1,443.3 "," 7,504.6 "," 7,889.2 "," 2,260.2 ", 227.2 ," 3,893.1 ", 928.4 , 205.5 , 92.0 , 248.5 , 0.2 , 3.6 , 740.2 , 293.6 ," 1,829.7 ", 255.4 ," 6,450.6 "," 25,478.8 "," 1,789.9 ", 788.3 , 528.0 ," 2,083.6 ", 710.0 , 422.7 ," 1,628.3 ", 420.4 , 5.0 , 471.6 ," 1,425.7 ", 220.3 , 11.8 ," 102,876.1 "," 27,435.3 "," 28,556.6 "," 21,410.9 "," 3,156.5 "," 1,384.3 "," 31,943.4 "," 31,775.8 "," 4,611.2 "," 4,382.9 "," 1,343.2 ",
98,98," 1,904.4 ", 265.5 , 473.0 ," 1,805.7 "," 1,246.2 ", 24.7 , 201.1 , 1.0 , 276.0 ," 4,773.6 "," 6,233.8 ", 112.6 , 37.0 , 54.0 , 129.6 ," 1,117.3 "," 1,475.9 "," 7,514.1 "," 7,290.0 "," 2,245.5 ", 284.8 ," 3,833.4 ", 826.2 , 203.4 , 91.8 , 247.5 , 0.2 , 3.4 , 767.1 , 294.2 ," 1,963.4 ", 246.6 ," 4,663.5 "," 25,757.9 "," 1,642.8 ", 736.5 , 531.3 ," 2,474.2 ", 429.4 , 402.4 ," 1,522.2 ", 535.6 , 27.0 , 184.9 ," 1,375.6 ", 251.0 , 27.4 ," 101,788.3 "," 27,563.6 "," 26,249.2 "," 20,888.4 "," 3,255.2 "," 1,275.9 "," 32,666.4 "," 29,670.6 "," 4,739.1 "," 4,455.7 "," 1,417.0 ",
99,99," 1,693.0 ", 340.8 , 535.4 ," 1,881.6 "," 1,139.4 ", 26.2 , 199.0 , 1.4 , 251.9 ," 4,968.4 "," 6,610.7 ", 103.4 , 39.9 , 55.4 , 138.0 ," 1,034.3 "," 1,614.6 "," 8,225.6 "," 8,098.4 "," 2,506.1 ", 317.0 ," 4,053.0 ", 855.6 , 201.4 , 80.3 , 225.1 , 0.2 , 3.7 , 816.0 , 291.0 ," 1,877.3 ", 312.9 ," 4,925.2 "," 27,292.2 "," 1,462.9 ", 871.8 , 531.2 ," 3,295.4 ", 362.0 , 331.8 ," 1,670.6 ", 688.4 , 9.7 , 240.9 ," 1,424.6 ", 241.0 , 13.2 ," 108,629.6 "," 29,173.8 "," 27,811.0 "," 22,220.3 "," 3,685.2 "," 1,220.6 "," 36,237.7 "," 31,304.2 "," 4,244.7 "," 4,789.3 "," 1,659.3 ",
00,00," 1,730.7 ", 407.8 ," 1,017.5 "," 1,896.1 "," 1,312.0 ", 32.2 , 198.9 , 1.4 , 280.7 ," 5,224.3 "," 7,127.7 ", 129.8 , 50.9 , 99.6 , 167.6 , 885.7 ," 1,748.4 "," 8,672.1 "," 7,651.3 "," 3,523.1 ", 309.9 ," 4,367.3 ", 817.1 , 201.0 , 77.8 , 225.5 , 0.2 , 3.9 , 879.5 , 289.3 ," 1,971.7 ", 385.0 ," 5,160.9 "," 30,172.0 "," 1,727.9 "," 1,041.4 ", 547.7 ," 3,900.1 ", 408.5 , 340.3 ," 1,712.9 ", 687.6 , 8.8 , 290.0 ," 1,863.8 ", 296.7 , 12.2 ," 118,257.2 "," 32,068.1 "," 30,996.6 "," 25,163.3 "," 4,069.5 "," 1,375.5 "," 38,573.5 "," 34,864.5 "," 4,669.8 "," 4,994.2 "," 1,711.6 ",
01,01," 1,678.1 ", 358.0 , 852.8 ," 1,709.8 "," 1,277.3 ", 26.0 , 184.2 , 1.5 , 171.1 ," 4,825.2 "," 7,026.3 ", 96.9 , 32.3 , 101.2 , 158.8 , 857.6 ," 1,521.0 "," 7,614.1 "," 6,827.2 "," 3,768.2 ", 295.9 ," 4,115.9 ", 763.0 , 185.0 , 68.5 , 209.4 , 0.2 , 4.1 , 878.9 , 263.8 ," 1,641.8 ", 350.0 ," 4,548.6 "," 27,924.6 "," 1,467.5 ", 897.6 , 515.4 ," 4,232.3 ", 408.4 , 371.2 ," 1,669.2 ", 755.5 , 2.8 , 275.0 ," 1,774.8 ", 124.4 , 11.5 ," 110,860.8 "," 29,634.4 "," 29,182.8 "," 24,042.4 "," 3,977.4 "," 1,290.0 "," 36,488.6 "," 32,576.1 "," 4,226.8 "," 4,960.8 "," 1,684.3 ",
02,02," 1,544.7 ", 396.0 , 655.4 ," 1,578.0 "," 1,098.0 ", 27.3 , 185.1 , 1.3 , 215.6 ," 5,030.2 "," 7,195.8 ", 80.9 , 25.2 , 92.2 , 116.1 ," 1,322.7 "," 1,393.8 "," 8,204.7 "," 7,896.5 "," 4,157.5 ", 341.6 ," 4,203.6 ", 687.5 , 184.9 , 66.7 , 195.0 , 0.6 , 4.5 , 807.4 , 266.8 ," 1,028.3 ", 380.8 ," 4,940.5 "," 29,554.7 "," 1,539.7 "," 1,039.1 ", 546.3 ," 5,013.5 ", 405.5 , 346.9 ," 1,823.6 ", 783.8 , 8.7 , 275.1 ," 1,923.7 ", 76.4 , 11.3 ," 117,506.7 "," 31,132.7 "," 30,033.1 "," 24,507.3 "," 4,574.3 "," 1,273.6 "," 40,720.4 "," 32,960.8 "," 3,967.6 "," 5,951.6 "," 1,499.9 ",
03,03," 1,355.4 ", 430.7 , 604.6 ," 1,496.3 "," 1,130.2 ", 36.2 , 171.0 , 1.5 , 255.7 ," 5,067.3 "," 7,295.7 ", 62.8 , 28.4 , 75.4 , 121.8 ," 1,394.4 "," 1,374.0 "," 8,279.6 "," 6,935.9 "," 4,347.8 ", 350.1 ," 4,330.7 ", 800.5 , 174.6 , 70.9 , 205.7 , 0.6 , 3.6 , 872.7 , 252.9 ," 1,248.3 ", 376.7 ," 5,159.7 "," 34,205.6 "," 1,478.4 "," 1,113.4 ", 579.9 ," 5,650.6 ", 424.4 , 346.6 ," 1,764.1 ", 891.5 , 10.0 , 278.4 ," 2,178.5 ", 111.8 , 18.4 ," 124,203.2 "," 35,701.9 "," 30,763.3 "," 25,031.7 "," 5,348.8 "," 1,345.9 "," 40,567.1 "," 33,998.3 "," 4,071.0 "," 6,876.2 "," 1,642.9 ",
04,04," 1,898.1 ", 502.3 , 713.0 ," 1,656.6 "," 1,094.1 ", 40.6 , 174.5 , 1.3 , 325.2 ," 5,584.2 "," 8,065.6 ", 58.3 , 24.0 , 117.3 , 124.1 ," 1,354.5 "," 1,393.0 "," 8,708.2 "," 8,072.8 "," 4,670.2 ", 394.9 ," 4,780.4 ", 748.8 , 176.6 , 77.1 , 236.6 , 0.5 , 3.2 ," 1,043.6 ", 256.5 ," 1,089.9 ", 370.2 ," 5,698.5 "," 37,450.1 "," 1,499.5 "," 1,415.8 ", 708.5 ," 7,024.3 ", 434.1 , 402.0 ," 1,868.6 ", 929.0 , 9.8 , 300.6 ," 2,599.2 ", 123.6 , 23.7 ," 139,032.9 "," 39,106.7 "," 33,846.7 "," 27,563.3 "," 6,842.7 "," 1,610.6 "," 46,353.0 "," 37,192.5 "," 4,690.4 "," 8,257.4 "," 1,822.4 ",
05,05," 2,444.6 ", 537.5 , 705.1 ," 1,526.8 "," 1,053.8 ", 38.8 , 1.3 , 1.3 , 353.6 ," 5,802.4 "," 7,722.1 ", 64.1 , 21.4 , 121.6 , 107.0 ," 1,213.5 "," 1,365.1 "," 8,549.2 "," 7,432.6 "," 5,149.7 ", 390.4 ," 4,894.0 ", 781.5 ,#N/A, 71.3 , 235.2 , 0.3 , 2.6 ," 1,021.7 ",#N/A," 1,109.6 ", 383.0 ," 5,998.4 "," 37,357.6 "," 1,530.7 "," 1,541.2 ", 774.0 ," 7,579.4 ", 439.8 , 407.9 ," 2,002.4 ", 923.4 , 10.0 , 322.7 ," 2,577.6 ", 132.6 , 39.3 ," 136,842.9 "," 38,884.5 "," 34,167.6 "," 28,022.9 "," 2,972.7 "," 1,683.0 "," 48,131.6 "," 37,482.7 "," 4,566.6 "," 4,252.3 "," 1,842.2 ",
06,06," 2,569.5 ", 572.0 , 740.4 ," 1,503.2 "," 1,027.7 ", 39.4 , 1.3 , 1.1 , 408.8 ," 6,135.0 "," 8,134.0 ", 70.7 , 20.0 , 138.6 , 130.5 ," 1,124.4 "," 1,377.2 "," 8,480.0 "," 7,751.7 "," 5,270.3 ", 457.0 ," 4,959.0 ", 819.0 ,#N/A, 79.8 , 294.1 , 0.3 , 2.3 ," 1,100.2 ",#N/A," 1,039.0 ", 463.9 ," 6,215.3 "," 39,881.9 "," 1,412.3 "," 1,926.3 ", 842.6 ," 7,692.2 ", 469.2 , 427.0 ," 2,106.9 "," 1,233.0 ", 11.3 , 318.9 ," 2,597.4 ", 124.6 , 43.8 ," 143,203.1 "," 41,385.1 "," 35,637.2 "," 29,268.4 "," 3,062.4 "," 1,793.3 "," 49,776.7 "," 39,367.5 "," 4,392.8 "," 4,239.1 "," 2,248.6 ",
07,07," 2,348.1 ", 453.8 , 755.2 ," 1,429.9 "," 1,295.0 ", 32.6 ,#N/A, 1.0 , 489.7 ," 6,425.0 "," 8,529.0 ", 72.2 , 27.2 , 141.4 , 125.3 ," 1,132.9 "," 1,549.9 "," 8,435.1 "," 9,039.7 "," 5,512.3 ", 482.3 ," 5,005.6 ", 868.1 ,#N/A, 83.2 , 323.3 , 45.5 , 3.7 ," 1,203.9 ",#N/A," 1,104.8 ", 466.1 ," 6,154.5 "," 40,617.7 "," 1,477.8 "," 1,224.3 ", 967.7 ," 11,189.5 ", 484.5 , 313.9 ," 2,454.6 ", 939.2 , 10.0 , 285.6 ," 2,661.5 ", 132.7 , 18.0 ," 151,667.9 "," 42,047.6 "," 36,879.9 "," 30,570.5 "," 3,535.1 "," 1,722.2 "," 56,456.3 "," 39,949.1 "," 4,829.1 "," 4,729.3 "," 1,934.4 ",
08,08," 2,212.4 ", 420.8 , 981.7 ," 1,388.7 "," 1,307.7 ", 27.2 ,#N/A, 1.0 , 542.6 ," 6,187.8 "," 8,352.9 ", 78.1 , 11.8 , 127.4 , 122.2 , 901.9 ," 1,279.0 "," 8,172.8 "," 8,726.8 "," 5,357.9 ", 482.8 ," 4,903.4 ", 920.9 ,#N/A, 78.9 , 347.5 , 45.9 , 2.0 ," 1,306.4 ",#N/A," 1,181.6 ", 480.7 ," 6,283.8 "," 39,313.6 "," 1,807.1 "," 2,399.6 "," 1,233.9 "," 11,386.1 ", 394.6 , 319.8 ," 2,289.0 ", 760.9 , 10.0 , 277.4 ," 2,444.5 ", 131.7 , 63.4 ," 149,198.4 "," 40,702.3 "," 36,416.3 "," 30,002.3 "," 3,886.9 "," 1,976.9 "," 53,813.6 "," 40,790.4 "," 5,272.1 "," 4,851.0 "," 1,792.1 ",
09,09," 2,769.3 ", 341.5 ," 1,427.5 "," 1,346.9 "," 1,179.1 ", 22.4 ,#N/A, 0.6 , 484.4 ," 6,624.9 "," 10,187.7 ", 31.4 , 9.8 , 133.1 , 120.9 , 984.6 , 400.0 ," 10,485.7 "," 15,162.6 "," 8,369.2 ", 714.1 ," 4,520.3 ", 799.3 ,#N/A, 55.5 , 313.5 , 0.2 , 2.8 ," 1,079.6 ",#N/A," 1,057.9 ", 856.0 ," 6,615.1 "," 35,097.7 "," 1,782.3 "," 2,305.6 "," 1,235.2 "," 11,976.4 ", 276.9 , 303.9 ," 2,132.6 ", 676.4 , 8.0 , 227.5 ," 2,853.3 ", 111.7 , 63.2 ," 175,506.5 "," 36,444.6 "," 40,685.7 "," 33,967.9 "," 14,557.5 "," 1,824.8 "," 67,950.0 "," 45,222.2 "," 6,647.1 "," 15,602.7 "," 1,815.1 ",
10,10," 2,938.3 ", 357.9 ," 1,067.4 "," 1,957.3 "," 1,399.6 ", 18.0 ,#N/A, 4.2 , 728.8 ," 5,079.7 "," 7,487.5 ", 4.9 , 5.6 , 79.1 , 138.5 , 856.4 , 785.0 ," 7,698.8 "," 12,942.7 "," 4,573.1 ", 909.0 ," 6,444.4 ", 468.6 ,#N/A, 76.6 , 364.7 , -   , 1.5 ," 1,235.9 ",#N/A," 1,282.5 "," 1,149.3 "," 6,082.7 "," 39,353.3 "," 1,302.5 "," 3,531.6 "," 1,631.0 "," 17,193.9 ", 665.7 , 333.0 ," 2,938.7 "," 1,025.6 ", -   , 460.2 ," 2,564.7 ", 193.3 , 69.3 ," 182,019.3 "," 41,310.6 "," 34,516.1 "," 28,321.7 "," 15,792.1 "," 2,582.3 "," 73,273.2 "," 40,845.1 "," 5,133.0 "," 16,737.0 "," 2,138.2 ",
11,11," 2,846.6 ", 383.4 ," 1,241.3 "," 1,980.0 "," 1,422.3 ", 16.7 ,#N/A, 4.9 , 740.1 ," 5,068.8 "," 7,716.8 ", 4.2 , 5.9 , 82.1 , 123.5 , 883.4 , 760.3 ," 6,546.0 "," 12,381.6 "," 4,653.9 ", 774.6 ," 6,347.3 ", 892.9 ,#N/A, 39.4 , 355.9 , -   , 1.6 ," 1,313.3 ",#N/A," 1,354.6 "," 1,544.3 "," 6,280.3 "," 39,621.9 "," 1,294.5 "," 3,900.1 "," 1,702.7 "," 16,764.9 ", 754.3 , 297.7 ," 2,870.8 "," 1,072.9 ", -   , 470.0 ," 2,193.3 ", 192.2 , 80.9 ," 183,028.8 "," 41,601.9 "," 35,098.2 "," 28,743.6 "," 17,136.9 "," 2,641.0 "," 71,121.1 "," 42,284.7 "," 5,076.1 "," 18,088.2 "," 2,215.8 ",
12,12," 2,731.7 ", 322.1 ," 1,369.9 "," 1,960.0 "," 1,527.1 ", 11.1 ,#N/A, 2.3 , 690.9 ," 4,626.2 "," 7,237.0 ", 2.3 , 0.5 , 98.3 , 123.1 , 810.9 , 795.1 ," 7,045.8 "," 12,290.7 "," 4,403.0 ", 763.9 ," 6,014.6 ", 975.0 ,#N/A, 91.8 , 320.8 , -   , 1.1 ," 1,131.9 ",#N/A," 1,371.5 "," 1,933.7 "," 6,243.5 "," 39,111.3 "," 1,363.5 "," 4,132.1 "," 1,579.2 "," 15,568.8 ", 880.3 , 286.1 ," 2,758.4 "," 1,174.7 ", -   , 533.3 ," 1,944.0 ", 180.1 , 75.8 ," 175,042.9 "," 41,071.3 "," 33,417.9 "," 27,058.6 "," 19,711.8 "," 2,545.9 "," 61,888.2 "," 41,214.7 "," 5,194.3 "," 20,569.4 "," 2,559.2 ",
13,13," 2,681.8 ", 320.0 ," 1,560.8 "," 1,946.3 "," 1,553.5 ", 19.9 ,#N/A, 1.8 , 660.8 ," 4,383.5 "," 7,334.1 ", 1.3 , -   , 103.8 , 123.8 , 828.9 , 877.5 ," 7,455.9 "," 11,785.3 "," 5,224.8 ", 689.1 ," 5,750.9 ", 965.6 ,#N/A, 94.6 , 319.5 , -   , 1.0 , 954.1 ,#N/A," 1,444.2 "," 2,349.2 "," 6,031.6 "," 37,107.1 "," 1,633.0 "," 3,305.1 "," 1,617.5 "," 16,053.7 ", 959.1 , 253.5 ," 2,644.5 "," 1,178.4 ", -   , 569.5 ," 1,990.9 ", 171.7 , 14.5 ," 175,580.5 "," 39,053.4 "," 33,693.3 "," 27,532.8 "," 22,133.5 "," 2,493.4 "," 61,918.0 "," 41,110.0 "," 5,334.9 "," 23,011.0 "," 2,659.8 ",
,,,,,,,,,,,,,,,,,,,,,,,,,,,,,,,,,,,,,,,,,,,,,,,,,,,,,,,,,,,,
